pop,prop,class,label
66,P196,Q3863,RAG
61,P196,Q3863,RAG
99,P196,Q3863,RAG
54,P196,Q3863,RAG
270,P196,Q3863,RAG
370,P196,Q3863,RAG
54,P196,Q3863,RAG
66,P196,Q3863,RAG
65,P196,Q3863,RAG
79,P196,Q3863,RAG
53,P196,Q3863,RAG
93,P196,Q3863,RAG
63,P196,Q3863,RAG
90,P196,Q3863,RAG
131,P196,Q3863,RAG
81,P196,Q3863,RAG
73,P196,Q3863,RAG
44,P196,Q3863,RAG
83,P196,Q3863,RAG
200,P196,Q3863,RAG
105,P196,Q3863,RAG
106,P196,Q3863,RAG
222,P196,Q3863,RAG
118,P196,Q3863,RAG
71,P196,Q3863,RAG
324,P196,Q3863,RAG
48,P196,Q3863,RAG
85,P196,Q3863,RAG
60,P196,Q3863,RAG
139,P196,Q3863,RAG
115,P196,Q3863,RAG
90,P196,Q3863,RAG
135,P196,Q3863,RAG
56,P196,Q3863,RAG
210,P196,Q3863,RAG
109,P196,Q3863,RAG
88,P196,Q3863,RAG
114,P196,Q3863,RAG
55,P196,Q3863,RAG
83,P196,Q3863,RAG
58,P196,Q3863,RAG
641,P196,Q3863,RAG
52,P196,Q3863,RAG
53,P196,Q3863,RAG
79,P196,Q3863,RAG
79,P196,Q3863,RAG
73,P196,Q3863,RAG
78,P196,Q3863,RAG
88,P196,Q3863,RAG
212,P196,Q3863,RAG
227,P1142,Q9299236,RAG
18360,P1142,Q7278,RAG
124,P1142,Q48204,RAG
194,P1142,Q7278,RAG
1080,P1142,Q7278,RAG
67,P1142,Q5,RAG
150,P1142,Q7278,RAG
32917,P1142,Q5,OPT
99,P1142,Q43229,OPT
351,P1142,Q7278,RAG
2037,P1142,Q7278,RAG
695,P1142,Q7278,RAG
167,P1142,Q5,OPT
2480,P1142,Q3778417,RAG
655,P1142,Q7278,RAG
68,P1142,Q5,RAG
3804,P1142,Q7278,OPT
16150,P1142,Q17149090,RAG
437,P1142,Q6065085,RAG
158,P1142,Q7210356,RAG
163,P1142,Q6065085,RAG
3642,P1142,Q7278,OPT
3428,P1142,Q388602,OPT
218,P1142,Q5,OPT
2841,P1142,Q7278,RAG
51,P1142,Q6065085,RAG
478,P1142,Q7278,RAG
1475,P1142,Q7278,RAG
183,P1142,Q7278,RAG
16930,P1142,Q7278,RAG
36376,P1142,Q7278,RAG
212,P1142,Q7278,RAG
230,P1142,Q7278,RAG
87474,P1142,Q5,OPT
50,P1142,Q7278,RAG
1014,P1142,Q7278,RAG
465,P1142,Q7278,RAG
519,P1142,Q6065085,RAG
2622,P1142,Q7278,RAG
1232,P1142,Q7278,RAG
411,P1142,Q7278,RAG
56103,P1142,Q7278,RAG
815,P1142,Q7210356,RAG
321,P1142,Q6138528,RAG
723,P1142,Q17127659,RAG
49639,P1142,Q5,OPT
325,P1142,Q1393724,RAG
99,P1142,Q25768329,RAG
14165,P1142,Q7278,RAG
131,P1142,Q7210356,RAG
138,P277,Q341,RAG
8352,P277,Q166142,OPT
1743,P277,Q341,RAG
836,P277,Q167035,RAG
2004,P277,Q74086777,RAG
70,P277,Q7397,RAG
2709,P277,Q7397,RAG
111,P277,Q1254596,RAG
231,P277,Q7397,RAG
5138,P277,Q9135,RAG
294,P277,Q9135,RAG
255,P277,Q131093,RAG
4120,P277,Q341,RAG
927,P277,Q341,RAG
1123119,P277,Q2462003,OPT
1907,P277,Q9135,RAG
969,P277,Q341,RAG
494,P277,Q2467310,RAG
489,P277,Q341,RAG
73,P277,Q7397,RAG
245,P277,Q676202,RAG
1460,P277,Q1393965,RAG
85479,P277,Q1130645,RAG
2191,P277,Q341,RAG
49301,P277,Q506883,RAG
2276,P277,Q341,RAG
765,P277,Q341,RAG
685,P277,Q341,RAG
1957,P277,Q341,RAG
2153,P277,Q506883,RAG
860633,P277,Q431289,OPT
430,P277,Q75050,RAG
586,P277,Q1071233,RAG
740,P277,Q56273712,RAG
4634,P277,Q9143,RAG
2935,P277,Q176165,RAG
291,P277,Q341,RAG
2689,P277,Q341,RAG
8815,P277,Q9143,RAG
2456,P277,Q974828,RAG
1128,P277,Q341,RAG
3020,P277,Q341,RAG
1161,P277,Q1330336,RAG
673,P277,Q341,RAG
853,P277,Q166142,RAG
961,P277,Q341,RAG
11505,P277,Q20825628,OPT
0,P277,Q506883,RAG
2050,P277,Q341,RAG
69,P277,Q341,RAG
18260,P1441,Q15773347,OPT
2542,P1441,Q15773317,RAG
3529,P1441,Q80447738,OPT
2483,P1441,Q1114461,RAG
16534,P1441,Q3658341,OPT
17948,P1441,Q3658341,OPT
2820,P1441,Q17624054,OPT
905,P1441,Q3658341,RAG
12114,P1441,Q3658341,OPT
535,P1441,Q1274180,RAG
752,P1441,Q15632617,RAG
1248,P1441,Q1792372,RAG
7130,P1441,Q15773317,RAG
4616,P1441,Q14623646,RAG
690,P1441,Q3375722,RAG
26846,P1441,Q19324463,OPT
5438,P1441,Q15632617,OPT
1291,P1441,Q14623646,RAG
3508,P1441,Q14514600,OPT
1621,P1441,Q20643955,OPT
15862,P1441,Q1114461,OPT
15280,P1441,Q15773317,OPT
4764,P1441,Q4271324,RAG
6778,P1441,Q15773317,OPT
1381,P1441,Q21070568,RAG
3123,P1441,Q15773317,OPT
42348,P1441,Q1569167,RAG
12307,P1441,Q15773317,OPT
3101,P1441,Q15720873,OPT
13685,P1441,Q15773317,OPT
1126,P1441,Q15773317,RAG
306,P1441,Q15773317,RAG
630,P1441,Q22989102,RAG
943,P1441,Q15773317,RAG
5343,P1441,Q15773317,OPT
1463,P1441,Q15773317,RAG
117,P1441,,RAG
2044,P1441,Q15831596,RAG
1099,P1441,Q15773317,RAG
1613,P1441,Q5,OPT
2760,P1441,Q3375722,RAG
458,P1441,Q15773317,RAG
476,P1441,Q13002315,RAG
1148,P1441,Q3375722,RAG
17864,P1441,Q14514600,OPT
1071,P1441,Q21190845,RAG
421,P1441,Q15773317,RAG
34157,P1441,Q3658341,OPT
1804,P1441,Q22074477,RAG
128,P1441,Q15773317,RAG
497,P170,Q5398426,RAG
3271,P170,Q11060274,RAG
19637,P170,Q5398426,RAG
193,P170,Q1792372,RAG
1320,P170,Q5398426,RAG
3776,P170,Q5398426,RAG
4389,P170,Q581714,RAG
64574,P170,Q5398426,OPT
28539,P170,Q839864,RAG
936,P170,Q3305213,RAG
137,P170,Q5398426,RAG
5088,P170,Q641406,RAG
2133,P170,Q3305213,RAG
91,P170,Q838948,RAG
832,P170,Q5398426,RAG
64,P170,Q15416,RAG
306,P170,Q3305213,RAG
183,P170,Q179700,RAG
132,P170,Q15727816,RAG
244,P170,Q5398426,RAG
8761,P170,Q15773317,RAG
66,P170,Q3305213,RAG
2781,P170,Q3658341,RAG
8197,P170,Q3658341,RAG
31521,P170,Q15773317,OPT
83129,P170,Q5398426,RAG
128,P170,Q5398426,RAG
10538,P170,Q5398426,RAG
595,P170,Q3305213,RAG
17194,P170,Q3658341,RAG
4190,P170,Q17537576,RAG
15394,P170,Q5891,RAG
267,P170,Q3305213,RAG
77,P170,Q3305213,RAG
3727,P170,Q125191,RAG
0,P170,Q125191,RAG
352,P170,Q219423,RAG
582,P170,Q9143,RAG
836,P170,Q568683,RAG
349,P170,Q3305213,RAG
0,P170,Q1792372,RAG
214,P170,Q15711026,RAG
2372,P170,Q180516,RAG
43,P170,Q3305213,RAG
22597,P170,Q5398426,RAG
3028,P170,Q3305213,RAG
144,P170,Q860861,RAG
8288,P170,Q860861,RAG
434,P170,Q860861,RAG
168,P170,Q7725634,RAG
122,P115,Q26895936,RAG
65,P115,Q26894053,RAG
8617,P115,Q106043413,OPT
963,P115,Q26895936,RAG
278,P115,Q13393265,RAG
581,P115,Q13027888,RAG
1630,P115,Q26895936,RAG
128,P115,Q26895936,RAG
75,P115,Q26895936,RAG
1476,P115,Q26895936,RAG
498,P115,Q18558301,RAG
27532,P115,Q17374546,RAG
1197,P115,Q476028,RAG
372,P115,Q476028,RAG
649,P115,Q26895936,RAG
379,P115,Q476028,RAG
301,P115,Q476028,RAG
100,P115,Q476028,RAG
1611,P115,Q26895936,RAG
6985,P115,Q2367225,RAG
237,P115,Q18558301,RAG
33079,P115,Q13027888,RAG
161,P115,Q476028,RAG
28512,P115,Q15944511,OPT
1309,P115,Q13393265,RAG
2430,P115,Q26894053,RAG
68,P115,Q26895936,RAG
1881,P115,Q26895936,RAG
69,P115,Q1539532,RAG
102,P115,Q26895936,RAG
275,P115,Q476028,RAG
13472,P115,Q13393265,RAG
184,P115,Q26894053,RAG
74,P115,Q26895936,RAG
256,P115,Q26895936,RAG
138,P115,Q26895936,RAG
20150,P115,Q13580678,OPT
67,P115,Q1539532,RAG
1037,P115,Q476028,RAG
9473,P115,Q847017,RAG
1177,P115,Q13027888,RAG
1756,P115,Q26895936,RAG
77,P115,Q1539532,RAG
205,P115,Q476028,RAG
17618,P115,Q18558301,RAG
16529,P115,Q476028,RAG
13989,P115,Q15944511,OPT
76,P115,Q26894053,RAG
202,P115,Q26895936,RAG
356,P115,Q26895936,RAG
180,P541,Q858439,RAG
628,P541,Q28222142,RAG
171,P541,Q15261477,RAG
199,P541,Q28221947,RAG
1118,P541,Q28221987,RAG
2599,P541,Q15261477,RAG
1059,P541,Q1499496,RAG
2186,P541,Q28222111,RAG
173,P541,Q28206753,RAG
405,P541,Q24706075,RAG
1919,P541,Q28222130,RAG
1384,P541,Q15261477,RAG
167,P541,Q28222124,RAG
3153,P541,Q15261477,RAG
556,P541,Q15261477,RAG
270,P541,Q28222124,RAG
349,P541,Q28222117,RAG
186,P541,Q40231,RAG
445,P541,Q28221935,RAG
404,P541,Q15261477,RAG
763,P541,Q22162827,RAG
7159,P541,Q15261477,RAG
90,P541,Q40231,RAG
3153,P541,Q28222187,RAG
396,P541,Q28221902,RAG
1358,P541,Q28222187,RAG
118,P541,Q15261477,RAG
847,P541,Q15261477,RAG
351,P541,Q28221942,RAG
804,P541,Q15261477,RAG
506,P541,Q28221976,RAG
1098,P541,Q28221942,RAG
1087,P541,Q858439,RAG
681,P541,Q28222111,RAG
1669,P541,Q849095,RAG
1544,P541,Q27962800,RAG
3827,P541,Q15261477,RAG
837,P541,Q28222017,RAG
522,P541,Q15261477,RAG
811,P541,Q27962800,RAG
724,P541,Q28222187,RAG
145,P541,Q28206753,RAG
48005,P541,Q15261477,RAG
764,P541,Q28222165,RAG
140,P541,Q15261477,RAG
1454,P541,Q28221929,RAG
145,P541,Q15261477,RAG
1725,P541,Q112710095,RAG
3078,P541,Q28221987,RAG
3746,P541,Q22280876,RAG
226,P103,Q5,RAG
780,P103,Q5,RAG
112,P103,Q5,RAG
591,P103,,RAG
75,P103,Q5,RAG
179,P103,Q5,RAG
603,P103,Q5,RAG
3536,P103,Q5,RAG
133,P103,Q5,RAG
286875,P103,Q5,RAG
834,P103,Q5,RAG
3156,P103,Q5,RAG
130,P103,Q5,RAG
90,P103,Q5,RAG
102,P103,Q5,RAG
3066,P103,Q5,RAG
2849,P103,Q5,RAG
157,P103,Q5,RAG
264,P103,Q5,RAG
2076,P103,Q5,RAG
10626,P103,Q5,RAG
2417,P103,Q4313794,RAG
144,P103,Q5,RAG
342,P103,Q5,RAG
1759,P103,Q5,RAG
21790,P103,Q5,RAG
574,P103,Q5,RAG
46,P103,Q5,RAG
895,P103,Q5,RAG
1490,P103,Q5,RAG
419,P103,Q5,RAG
223,P103,Q5,RAG
94130,P103,Q5,RAG
102,P103,Q5,RAG
566,P103,Q5,RAG
12921,P103,Q5,RAG
46,P103,Q5,RAG
424,P103,Q5,RAG
64,P103,Q5,RAG
554,P103,Q5,RAG
309,P103,Q5,RAG
2336,P103,Q5,RAG
225,P103,Q5,RAG
183,P103,Q5,RAG
101,P103,Q5,RAG
76,P103,Q5,RAG
50,P103,Q5,RAG
27547,P103,Q5,RAG
12636,P103,Q5,RAG
434,P103,Q5,RAG
58,P105,Q16521,RAG
226,P105,Q16521,RAG
18,P105,Q16521,RAG
754,P105,Q23038290,RAG
170,P105,Q23038290,RAG
178,P105,Q16521,RAG
40,P105,Q16521,RAG
25,P105,Q23038290,RAG
20,P105,Q16521,RAG
31,P105,Q16521,RAG
173,P105,Q16521,RAG
33,P105,Q16521,RAG
19,P105,Q16521,RAG
36,P105,Q16521,RAG
48,P105,Q16521,RAG
38,P105,Q16521,RAG
44,P105,Q23038290,RAG
45,P105,Q16521,RAG
29,P105,Q16521,RAG
53,P105,Q16521,RAG
76,P105,Q16521,RAG
49,P105,Q16521,RAG
19,P105,Q16521,RAG
197,P105,Q23038290,RAG
64,P105,Q16521,RAG
943,P105,Q16521,RAG
24,P105,Q16521,RAG
23,P105,Q16521,RAG
87,P105,Q16521,RAG
355,P105,Q310890,RAG
101,P105,Q16521,RAG
98,P105,Q310890,RAG
36,P105,Q16521,RAG
61,P105,Q16521,RAG
2942,P105,Q16521,RAG
53,P105,Q16521,RAG
41,P105,Q16521,RAG
26,P105,Q16521,RAG
372,P105,Q16521,RAG
25,P105,Q16521,RAG
22,P105,Q16521,RAG
122,P105,Q23038290,RAG
43,P105,Q16521,RAG
23,P105,Q16521,RAG
48,P105,Q16521,RAG
21,P105,Q16521,RAG
28,P105,Q16521,RAG
43,P105,Q16521,RAG
163,P105,Q16521,RAG
73,P105,Q16521,RAG
527,P4743,Q726,RAG
72,P4743,Q726,RAG
154,P4743,Q726,RAG
51,P4743,Q726,RAG
215,P4743,Q726,RAG
248,P4743,Q726,RAG
69,P4743,Q726,RAG
214,P4743,Q726,RAG
212,P4743,Q726,RAG
120,P4743,Q726,RAG
58,P4743,Q726,RAG
61,P4743,Q726,RAG
99,P4743,Q726,RAG
75,P4743,Q726,RAG
107,P4743,Q726,RAG
298,P4743,Q726,RAG
156,P4743,Q726,RAG
208,P4743,Q726,RAG
143,P4743,Q726,RAG
336,P4743,Q726,RAG
130,P4743,Q726,RAG
131,P4743,Q726,RAG
197,P4743,Q726,RAG
349,P4743,Q144,RAG
157,P4743,Q726,RAG
67,P4743,Q726,RAG
1763,P4743,Q144,RAG
70,P4743,Q726,RAG
395,P4743,Q726,RAG
145,P4743,Q726,RAG
344,P4743,Q726,RAG
128,P4743,Q726,RAG
64,P4743,Q726,RAG
47,P4743,Q726,RAG
105,P4743,Q726,RAG
51,P4743,Q726,RAG
351,P4743,Q726,RAG
235,P4743,Q726,RAG
109,P4743,Q726,RAG
227,P4743,Q726,RAG
526,P4743,Q726,RAG
67,P4743,Q726,RAG
309,P4743,Q726,RAG
769,P4743,Q726,RAG
543,P4743,Q726,RAG
93,P4743,Q726,RAG
53,P4743,Q726,RAG
319,P4743,Q726,RAG
99,P4743,Q726,RAG
2286,P4743,Q726,RAG
8340,P1433,Q7725634,OPT
367,P1433,Q19692072,RAG
71,P1433,Q134556,RAG
53,P1433,Q87167,RAG
198,P1433,Q63412991,RAG
963,P1433,Q7725634,RAG
2928,P1433,Q21198342,RAG
219,P1433,Q13442814,RAG
8287,P1433,Q21198342,RAG
386,P1433,Q104213567,RAG
2130,P1433,Q105543609,RAG
9309,P1433,Q63952888,RAG
43,P1433,Q87167,OPT
162,P1433,Q21191134,RAG
1383,P1433,Q7725634,RAG
44,P1433,Q87167,OPT
320,P1433,Q7725634,RAG
1017,P1433,Q105543609,RAG
210,P1433,Q134556,RAG
739,P1433,Q7725634,RAG
734,P1433,Q7302866,RAG
72,P1433,Q856713,RAG
103,P1433,Q134556,RAG
175,P1433,Q699,RAG
4783,P1433,Q51632,RAG
1164,P1433,Q105543609,RAG
48382,P1433,Q166142,RAG
853,P1433,Q21198342,RAG
15951,P1433,Q105543609,RAG
121,P1433,Q105543609,RAG
17882,P1433,Q206287,RAG
564,P1433,Q105543609,RAG
468,P1433,Q11424,RAG
1048,P1433,Q134556,RAG
69,P1433,Q87167,OPT
275,P1433,Q14406742,RAG
54,P1433,Q1516252,RAG
63,P1433,Q87167,OPT
16257,P1433,Q717040,RAG
493,P1433,Q7302866,RAG
168,P1433,Q134556,RAG
2938,P1433,Q23847174,RAG
4256,P1433,Q5185279,RAG
151,P1433,Q87167,OPT
416,P1433,Q7725634,RAG
192,P1433,Q1338798,RAG
609,P1433,Q59847891,RAG
4594,P1433,Q7725634,RAG
275,P1433,Q7725634,RAG
1008,P1433,Q7725634,RAG
41,P30,Q34763,RAG
46,P30,Q8502,RAG
21031,P30,Q4022,OPT
72,P30,Q35666,RAG
39,P30,Q8502,RAG
63,P30,Q23442,RAG
97,P30,Q740445,RAG
39,P30,Q35666,RAG
29,P30,Q34763,RAG
47,P30,Q31615,RAG
408,P30,Q4771007,RAG
35,P30,,RAG
34,P30,Q35666,RAG
30,P30,Q39594,RAG
73,P30,Q34763,RAG
56,P30,Q8502,RAG
94,P30,Q39594,RAG
56,P30,Q39594,RAG
49,P30,Q8502,RAG
50,P30,Q46831,RAG
28,P30,Q107679,RAG
55,P30,Q194408,RAG
64,P30,Q8502,RAG
4122,P30,Q33506,RAG
138,P30,Q34763,RAG
43,P30,Q34763,RAG
26,P30,Q194408,RAG
121,P30,Q37901,RAG
80,P30,Q740445,RAG
108441,P30,Q1200957,OPT
170,P30,Q23442,RAG
328,P30,Q23397,RAG
52,P30,Q8502,RAG
36,P30,Q35666,RAG
2707,P30,Q210516,RAG
53,P30,Q8502,RAG
821,P30,Q1145276,RAG
24,P30,Q35666,RAG
37,P30,Q46831,RAG
20104,P30,Q15344922,OPT
74,P30,Q23442,RAG
25,P30,,RAG
516,P30,Q4022,RAG
48,P30,Q39594,RAG
53,P30,Q23442,RAG
34,P30,Q34763,RAG
42,P30,Q8502,RAG
51,P30,,RAG
59,P30,Q8502,RAG
72,P30,Q35666,RAG
113,P97,Q5,RAG
360,P97,Q5,RAG
2983,P97,Q5,RAG
234,P97,Q5,RAG
765,P97,Q5,RAG
300,P97,Q5,RAG
1185,P97,Q5,RAG
3230,P97,Q5,RAG
715,P97,Q5,RAG
1311,P97,Q5,RAG
948,P97,Q5,RAG
154,P97,Q5,RAG
8009,P97,Q5,RAG
293,P97,Q5,RAG
145,P97,Q5,RAG
4573,P97,Q5,RAG
644,P97,Q5,RAG
143,P97,Q5,RAG
749,P97,Q5,RAG
63,P97,Q5,RAG
4740,P97,Q5,RAG
778,P97,Q5,RAG
540,P97,Q5,RAG
6990,P97,Q5,RAG
1171,P97,Q5,RAG
4311,P97,Q5,RAG
128,P97,Q5,RAG
13143,P97,Q5,RAG
82,P97,Q5,RAG
2059,P97,Q5,RAG
92,P97,Q5,RAG
52,P97,Q5,RAG
591,P97,Q5,RAG
44,P97,Q5,RAG
7561,P97,Q5,RAG
628,P97,Q5,RAG
472,P97,Q5,RAG
340,P97,Q5,RAG
21254,P97,Q5,RAG
1340,P97,Q5,RAG
1483,P97,Q5,RAG
250,P97,Q5,RAG
1813,P97,Q5,RAG
20356,P97,Q5,RAG
33284,P97,Q5,RAG
754,P97,Q1309508,RAG
2688,P97,Q5,RAG
6344,P97,Q5,RAG
5612,P97,Q5,RAG
180,P97,Q5,RAG
154,P4552,Q8502,RAG
41,P4552,Q8502,RAG
107,P4552,Q46831,RAG
128,P4552,Q21869758,RAG
38,P4552,Q8502,RAG
17,P4552,Q631305,OPT
157,P4552,Q8502,RAG
73,P4552,Q8502,RAG
38,P4552,Q8502,RAG
221,P4552,Q184368,RAG
94,P4552,Q8502,RAG
78,P4552,Q8502,RAG
394,P4552,Q8502,RAG
144,P4552,Q8502,RAG
65,P4552,Q207326,RAG
1644,P4552,Q8502,OPT
27,P4552,Q8502,OPT
64,P4552,Q8502,RAG
67,P4552,Q75520,RAG
40,P4552,Q35666,RAG
50,P4552,Q8502,RAG
48,P4552,Q8502,RAG
176,P4552,Q8502,RAG
74,P4552,Q8502,RAG
48,P4552,Q8502,RAG
248,P4552,Q133056,RAG
80,P4552,Q150784,RAG
29,P4552,Q8502,OPT
1867,P4552,Q39816,RAG
164,P4552,Q133056,RAG
93,P4552,Q46831,RAG
43,P4552,Q8502,RAG
34,P4552,Q35666,RAG
182,P4552,Q54050,RAG
629,P4552,Q46831,RAG
648,P4552,Q8502,RAG
73,P4552,Q46831,RAG
88,P4552,Q8502,RAG
41,P4552,Q8502,RAG
33,P4552,Q8502,RAG
69,P4552,Q8502,RAG
46,P4552,Q35666,RAG
289,P4552,Q46831,RAG
40,P4552,Q8502,RAG
57,P4552,Q8502,RAG
41,P4552,Q8502,RAG
44,P4552,Q8502,RAG
84,P4552,Q8502,RAG
49,P4552,Q8502,RAG
77,P4552,Q8502,RAG
279,P400,Q7889,RAG
201,P400,Q7889,RAG
1332,P400,Q7889,RAG
197,P400,Q7889,RAG
443,P400,Q7889,RAG
851,P400,Q7889,RAG
3679,P400,Q7889,RAG
145,P400,Q7889,RAG
260,P400,Q7889,RAG
8207,P400,Q7889,RAG
2746,P400,Q7889,RAG
98864,P400,Q7889,RAG
1907,P400,Q9135,RAG
2461,P400,Q196600,RAG
123,P400,Q7889,RAG
2420,P400,Q7889,RAG
324,P400,Q7889,RAG
1342,P400,Q7889,RAG
259,P400,Q7889,RAG
2931,P400,Q7889,RAG
0,P400,Q7889,RAG
1125,P400,Q7889,RAG
2540,P400,Q7889,RAG
4488,P400,Q7889,RAG
267,P400,Q7889,RAG
651,P400,Q7889,RAG
134,P400,Q7889,RAG
2254,P400,Q7889,RAG
238,P400,Q176165,RAG
529,P400,Q7889,RAG
16665,P400,Q9135,RAG
309,P400,Q7889,RAG
2146,P400,Q7889,RAG
490,P400,Q7889,RAG
395,P400,Q7889,RAG
884,P400,Q7889,RAG
887,P400,Q7889,RAG
921,P400,Q7889,RAG
4155,P400,Q19967801,RAG
312,P400,Q7889,RAG
582,P400,Q7889,RAG
1856,P400,Q7889,RAG
94,P400,Q7889,RAG
128,P400,Q7058673,RAG
381,P400,Q7889,RAG
556,P400,Q7889,RAG
407,P400,Q7889,RAG
622,P400,Q7889,RAG
2558,P400,Q7889,RAG
175,P400,Q7889,RAG
5265,P407,Q105543609,RAG
408,P407,,RAG
1974,P407,Q234460,RAG
612,P407,Q1279564,RAG
9531,P407,Q15416,RAG
278,P407,Q7725634,RAG
2314,P407,Q105543609,RAG
511,P407,Q2116411,RAG
129,P407,Q47461344,RAG
243,P407,Q1002697,RAG
228,P407,Q1002697,RAG
3888,P407,Q473858,RAG
119,P407,Q7725634,RAG
1687,P407,Q11032,RAG
1538,P407,Q15416,RAG
122,P407,Q11032,RAG
119,P407,Q47461344,RAG
2065,P407,Q11032,RAG
137053,P407,Q35127,RAG
428,P407,Q1110794,RAG
405,P407,Q5398426,RAG
1655,P407,Q101352,RAG
216,P407,Q47461344,RAG
1114,P407,Q845392,RAG
47,P407,Q1002697,RAG
207,P407,Q7725634,RAG
10565,P407,Q8171,RAG
6289,P407,Q5398426,RAG
849,P407,Q5633421,RAG
0,P407,Q11032,RAG
40,P407,Q41298,OPT
62,P407,Q1002697,RAG
412,P407,Q1110794,RAG
268,P407,Q7725634,RAG
71,P407,Q11032,RAG
181,P407,Q482,RAG
76,P407,Q1002697,RAG
2290,P407,Q7725634,RAG
639,P407,Q5398426,RAG
689,P407,Q11032,RAG
7626,P407,Q5398426,RAG
836,P407,Q105543609,RAG
130,P407,Q1368848,RAG
104,P407,Q134556,RAG
91,P407,Q1641020,RAG
3427,P407,Q7725634,RAG
489,P407,Q14406742,RAG
107,P407,Q47461344,RAG
424,P407,Q1084,RAG
280,P407,Q1002697,RAG
65,P127,Q22808404,OPT
1534,P127,Q28599824,RAG
156,P127,Q14350,RAG
247,P127,Q1762059,RAG
819,P127,Q561068,RAG
52,P127,Q1081138,RAG
228,P127,Q14350,RAG
9009,P127,Q11424,RAG
785,P127,Q561068,RAG
471,P127,Q1076486,RAG
261,P127,Q11032,RAG
70,P127,Q34442,RAG
276,P127,Q6979593,RAG
2749,P127,Q1616075,RAG
16336,P127,Q4830453,RAG
1066,P127,Q22808404,OPT
445,P127,Q9826,RAG
883,P127,Q1154710,RAG
146,P127,Q14350,RAG
301,P127,Q14350,RAG
1032,P127,Q1616075,RAG
209,P127,Q22808404,OPT
1366,P127,Q20202072,RAG
1951,P127,Q751876,RAG
1999,P127,Q4830453,RAG
7646,P127,Q15911738,RAG
477,P127,Q4830453,RAG
1084,P127,Q63633998,RAG
103981,P127,Q1762059,OPT
176,P127,Q35127,RAG
137,P127,Q1076486,RAG
0,P127,Q14350,RAG
177,P127,Q14350,RAG
250,P127,Q358078,RAG
87,P127,Q2741056,RAG
5198,P127,Q4830453,RAG
354,P127,Q13691604,RAG
3279,P127,Q22808404,OPT
86,P127,Q1021645,RAG
2691,P127,Q1616075,RAG
332,P127,Q14350,RAG
368,P127,Q14350,RAG
440,P127,Q4830453,RAG
977,P127,Q483110,RAG
170,P127,Q14350,RAG
1286,P127,Q14350,RAG
235,P127,Q4830453,RAG
174,P127,Q14350,RAG
149,P127,Q2668072,RAG
132,P127,Q483110,RAG
138,P8875,Q16024164,RAG
134,P8875,Q737498,RAG
138,P8875,Q5633421,RAG
112,P8875,Q5633421,RAG
2062,P8875,Q73897617,RAG
107,P8875,Q737498,RAG
408,P8875,Q5633421,RAG
122,P8875,Q1002697,RAG
92,P8875,Q5633421,RAG
101,P8875,Q5633421,RAG
414,P8875,Q1368848,RAG
951,P8875,Q5633421,RAG
58,P8875,Q737498,RAG
339,P8875,Q5633421,RAG
441,P8875,Q737498,RAG
150,P8875,Q51135530,RAG
413,P8875,Q5633421,RAG
125,P8875,Q1002697,RAG
172,P8875,Q5633421,RAG
136,P8875,Q737498,RAG
32,P8875,Q737498,RAG
74,P8875,Q5633421,RAG
281,P8875,Q737498,RAG
93,P8875,Q5633421,RAG
146,P8875,Q5633421,RAG
623,P8875,Q5633421,RAG
130,P8875,Q5633421,RAG
227,P8875,Q5633421,RAG
57,P8875,Q5633421,RAG
154,P8875,Q737498,RAG
327,P8875,Q1002697,RAG
215,P8875,Q5633421,RAG
186,P8875,Q5633421,RAG
79,P8875,Q737498,RAG
134,P8875,Q5633421,RAG
354,P8875,Q5633421,RAG
110,P8875,Q1002697,RAG
611,P8875,Q737498,RAG
194,P8875,Q737498,RAG
139,P8875,Q5633421,RAG
86,P8875,Q5633421,RAG
132,P8875,Q5633421,RAG
88,P8875,Q5633421,RAG
80,P8875,Q737498,RAG
127,P8875,Q5633421,RAG
127,P8875,Q1002697,RAG
64,P8875,Q5633421,RAG
79,P8875,Q737498,RAG
400,P8875,Q5633421,RAG
260,P8875,Q737498,RAG
699,P4884,Q19692072,RAG
496,P4884,Q19692072,RAG
372,P4884,Q2334719,RAG
308,P4884,Q2334719,RAG
53,P4884,Q2334719,RAG
232,P4884,Q2334719,RAG
2629,P4884,Q19692072,RAG
119,P4884,Q19692072,RAG
44,P4884,Q19930933,RAG
608,P4884,Q19692072,RAG
220,P4884,Q2334719,RAG
219,P4884,Q19692072,RAG
205,P4884,Q2334719,RAG
70,P4884,Q2334719,RAG
341,P4884,Q2334719,RAG
375,P4884,Q2334719,RAG
39,P4884,Q19930933,RAG
1104,P4884,Q19692072,RAG
50,P4884,Q2334719,RAG
467,P4884,Q2334719,RAG
154,P4884,Q7307130,RAG
722,P4884,Q19930933,RAG
3984,P4884,Q19692072,RAG
269,P4884,Q19930933,RAG
209,P4884,Q19692072,RAG
1105,P4884,Q2334719,RAG
381,P4884,Q2334719,RAG
233,P4884,Q19692072,RAG
1451,P4884,Q2334719,RAG
155,P4884,Q2334719,RAG
146,P4884,Q2334719,RAG
730,P4884,Q2334719,RAG
96,P4884,Q19692072,RAG
111,P4884,Q2334719,RAG
80,P4884,Q2334719,RAG
180,P4884,Q19930933,RAG
300,P4884,Q2334719,RAG
120,P4884,Q19692072,RAG
310,P4884,Q19692072,RAG
1341,P4884,Q2334719,RAG
111,P4884,Q19930933,RAG
120,P4884,Q19692072,RAG
1081,P4884,Q2334719,RAG
370,P4884,Q2334719,RAG
170,P4884,Q19930933,RAG
262,P4884,Q19692072,RAG
85,P4884,Q2334719,RAG
116,P4884,Q19930933,OPT
1545,P4884,Q19692072,RAG
94,P4884,Q19930933,OPT
105385,P371,Q15416,RAG
8480,P371,Q110288240,RAG
284,P371,Q4504495,RAG
91,P371,Q4504495,RAG
102,P371,Q4504495,RAG
1856,P371,Q4504495,RAG
619,P371,Q5398426,RAG
288,P371,Q4504495,RAG
844,P371,Q27308988,RAG
255,P371,Q4504495,RAG
477,P371,Q15416,RAG
198,P371,Q4504495,RAG
1372,P371,Q15416,RAG
330,P371,Q3464665,RAG
3696,P371,Q110288240,RAG
580,P371,Q15416,RAG
1171,P371,Q5398426,RAG
3044,P371,Q5398426,RAG
206,P371,Q4504495,RAG
384,P371,Q41582469,RAG
415,P371,Q4504495,RAG
108,P371,Q100796287,RAG
1179,P371,Q5398426,RAG
344,P371,Q15416,RAG
281,P371,Q1358344,RAG
971,P371,Q15416,RAG
9783,P371,Q24634210,RAG
270,P371,Q24634210,RAG
2877,P371,Q5398426,RAG
259,P371,Q4504495,RAG
14221,P371,Q24634210,RAG
1029,P371,Q15416,RAG
611,P371,Q5398426,RAG
7388,P371,Q5398426,RAG
2255,P371,Q3464665,RAG
330,P371,Q4504495,RAG
351,P371,Q4504495,RAG
3536,P371,Q110288240,RAG
180,P371,Q15416,RAG
2434,P371,Q5398426,RAG
375,P371,Q4504495,RAG
1218,P371,Q1555508,RAG
29512,P371,Q5398426,OPT
475,P371,Q15416,RAG
4949,P371,Q15416,RAG
1543,P371,Q15416,RAG
569,P371,Q15416,RAG
385,P371,Q5398426,RAG
4638,P371,Q5398426,RAG
380,P371,Q15416,RAG
